overall,vielfalt
overall,abwechslung
overall,differenziertheit
overall,diversität
overall,mannigfaltigkeit
overall,vielfalt
overall,vielfältigkeit
overall,vielzahl
overall,pluralität
overall,varietät
overall,vielfachheit
overall,multiplizität
overall,verschiedenheit
overall,inklusion
overall,einfügung
overall,einschub
overall,einrechnung
overall,einsprengling
overall,einbezug
overall,einschluss
overall,einsprengun
overall,zugehörigkeit
overall,zurechnung
overall,integration
overall,aufnahme
overall,einbeziehen
overall,einbeziehung
overall,eingliederung
overall,verzahnung
overall,zusammenführung
overall,einbindung
overall,integrierung
overall,verflechtung
overall,gleichberechtigung
overall,chancengleichheit
overall,gleichheit
overall,gleichordnung
overall,gleichsetzung
overall,gleichstellung
overall,gleichberechtigung
overall,gleichwertigkeit
overall,ebenbürtigkeit
overall,parität
overall,gleichstellung
overall,diversität
overall,verschiedenartigkeit
overall,ungleichheit
overall,stereotyp
overall,vorurteil
overall,minderheit
overall,minderheit
overall,minderzahl
overall,minorität
overall,unterzahl
overall,minderjährigkeit
overall,gleichstell
overall,pay gap
overall,lohngefälle
overall,diskriminieren
overall,benachteiligen
overall,ungleich behandeln
overall,unterscheidung
overall,urteilsvermögen
overall,urteilskraft
overall,chauvinismus
overall,schätzen
overall,abschätzen
overall,erkennen
overall,würdigen
overall,begrüßen
overall,anerkennen
overall,ermessen
overall,wertschätzen
overall,ansehen
overall,betrachten
overall,hoch schätzen
overall,divers
overall,unterscheiden
overall,abweichung
overall,diskrepanz
overall,misshelligkeit
overall,missverhältnis
overall,nichtübereinstimmen
overall,nichtübereinstimmung
overall,uneinigkeit
overall,ungereimtheit
overall,unstimmigkeit
overall,widerspruch
overall,widersprüchlichkeit
overall,streitigkeit
overall,nichtübereinstimmung
overall,differenz
overall,verschiedenheit
overall,disparität
overall,ungleichheit
overall,missverhältnis
overall,elternzeit
overall,karenz
overall,babypause
overall,elternurlaub
overall,erziehungsurlaub
overall,situation
overall,umgebung
gender,frauenquote
gender,weiblich
gender,feminin
gender,fraulich
gender,leiblich
gender,weibisch
gender,weidlich
gender,weißlich
gender,werblich
gender,männlich
gender,maskulin
gender,viril
gender,mannhaft
gender,stumpf
gender,männisch
gender,mann
gender,bursche
gender,erwachsen
gender,männliche person
gender,herr
gender,männlich
gender,mannsperson
gender,patron
gender,männlich geschlechts
gender,dude
gender,kerl
gender,frau
gender,ehefrau
gender,ehegattin
gender,frischen vermählen
gender,gattin
gender,ehegemahlin
gender,eheweib
gender,gebieterin
gender,gemahlin
gender,gut hälfte
gender,weib
gender,dame
gender,weibchen
gender,mädchen
gender,lady
gender,mamsell
gender,madam
gender,geschlecht
gender,pflegen
gender,erhaltung
gender,unterhalt
gender,unterhaltung
gender,familie
gender,verwandtschaft
gender,angehörig
gender,anhang
gender,familie
gender,familienclan
gender,familienverband
gender,klan
gender,linie
gender,sippe
gender,stamm
age,altersteilzeit
age,pensionierung
age,ruhestand
age,zurückgezogenheit
age,verrenkung
age,alt
age,bejahrt
age,betagt
age,uralt
age,greisenhaft
age,vergreist
age,traditionell
age,überliefern
age,alt
age,volkstümlich
age,anstammen
age,jung
age,unerfahren
age,kind
age,frischen
age,unbedarft
age,unbewandert
age,unbeschlagen
age,jung
age,gefolgsmann
age,schüler
age,generation
age,altersgruppe
age,jahrgang
age,lager
age,vorrat
age,bestand
age,lagerbestand
age,herkunft
cultural background,migrationshintergrund
cultural background,wanderung
cultural background,abwanderung
cultural background,auswanderung
cultural background,völkerwanderung
cultural background,sprache
cultural background,kommunikation
cultural background,verständigungsmittel
cultural background,muttersprache
cultural background,rede
cultural background,ansprache
cultural background,sprechweise
cultural background,sprechkunde
cultural background,zunge
cultural background,kauderwelsch
cultural background,jargon
cultural background,religion
cultural background,gottesglauben
cultural background,religion
cultural background,theismus
cultural background,religionszugehörigkeit
cultural background,kult
cultural background,auslän
cultural background,ausländer
cultural background,fremd
cultural background,außerirdisch
cultural background,migration
cultural background,herkunft
cultural background,abstammung
cultural background,elternhaus
cultural background,geburt
cultural background,herkommen
cultural background,provenienz
cultural background,ursprung
cultural background,wurzeln
cultural background,ahnenreihe
cultural background,verhältnisse
cultural background,entstehung
cultural background,abstammung
cultural background,quelle
cultural background,anfang
cultural background,familie
cultural background,stammbaum
cultural background,ahnentafel
cultural background,hintergrund
cultural background,ethnie
cultural background,menschentypus
cultural background,rasse
cultural background,typus
cultural background,sorte
cultural background,zucht
cultural background,kultur
cultural background,zivilisation
sexual orientation,lgbt+
sexual orientation,lgbt
sexual orientation,lesbisch
sexual orientation,sapphisch
sexual orientation,schwul
sexual orientation,gay
sexual orientation,homosexuell
sexual orientation,homo
sexual orientation,sexuell
sexual orientation,geschlechtlich
sexual orientation,sexual
sexual orientation,geschlecht
sexual orientation,bisexuell
sexual orientation,ambisexuell
sexual orientation,doppelgeschlechtlich
sexual orientation,doppelgeschlechtig
sexual orientation,zwittrig
sexual orientation,transgender
sexual orientation,transsexuelle
handicap,barrierefrei
handicap,behindertengerecht
handicap,rollstuhlgängig
handicap,rollstuhlgerecht
handicap,rollstuhltauglich
handicap,behinderung
handicap,handikap
handicap,benachteiligen
handicap,handikapen
handicap,behindern
handicap,behindern
handicap,einschränken
handicap,gehandicapt
handicap,gehandikapt
handicap,arbeitsunfähig
