overall,contrast
overall,difference
overall,disagreement
overall,discrepancy
overall,disparity
overall,dissimilarity
overall,dissimilitude
overall,distance
overall,distinction
overall,diverseness
overall,otherness
overall,unlikeness
overall,inclusion
overall,integration
overall,desegregation
overall,consolidation
overall,blend
overall,coalescence
overall,coalition
overall,concretion
overall,homogenization
overall,mergence
overall,merge
overall,mingle
overall,unification
overall,union
overall,equal right
overall,basic right
overall,equal opportunity
overall,prejudice
overall,equality
overall,equivalence
overall,par
overall,parity
overall,sameness
overall,diversity
overall,assortment
overall,heterogeneity
overall,manifoldness
overall,miscellaneousness
overall,multifariousness
overall,multiplicity
overall,variety
overall,variousness
overall,stereotype
overall,minority
overall,outvote
overall,outnumber
overall,faction
overall,equality
overall,pay gap
overall,discrimination
overall,favouritism
overall,secernment
overall,prejudice
overall,bias
overall,bigotry
overall,intolerance
overall,narrow - mindedness
overall,unfairness
overall,inequity
overall,one - sidedness
overall,partisanship
overall,sexism
overall,chauvinism
overall,misogyny
overall,racism
overall,racialism
overall,anti - semitism
overall,heterosexism
overall,ageism
overall,classism
overall,casteism
overall,apartheid
overall,appreciate
overall,value
overall,esteem
overall,respect
overall,admire
overall,favor
overall,various
overall,difference
overall,otherness
overall,unlikeness
overall,deviation
overall,divergence
overall,dispute
overall,difference of opinion
overall,conflict
overall,parental leave
overall,maternity leave
overall,childcare leave
overall,paternal leave
overall,situation
overall,state of affair
overall,position
overall,office
gender,woman quota
gender,female
gender,girl
gender,unmanly
gender,ladylike
gender,ultrafeminine
gender,distaff
gender,male
gender,manful
gender,manlike
gender,manly
gender,virile
gender,mannish
gender,man
gender,adult
gender,gentleman
gender,dude
gender,guy
gender,fellow
gender,woman
gender,adult female
gender,female
gender,wife
gender,lady
gender,madam
gender,gender
gender,sex
gender,race
gender,lineage
gender,care
gender,attention
gender,concern
gender,guardianship
gender,family
gender,tribe
age,retirement
age,old
age,former
age,elderly
age,senior
age,venerable
age,senescent
age,senile
age,experience
age,superannuated
age,young
age,juvenile
age,youthful
age,adolescent
age,immature
age,teenage
age,child
age,baby
age,kid
age,young
age,generation
age,stock
age,ancestry
age,parentage
age,banal
age,old hat
age,timeworn
age,tire
cultural background,migration
cultural background,emigration
cultural background,relocation
cultural background,resettlement
cultural background,language
cultural background,linguistic
cultural background,speech
cultural background,tongue
cultural background,lingo
cultural background,dialect
cultural background,religion
cultural background,faith
cultural background,belief
cultural background,credo
cultural background,creed
cultural background,cult
cultural background,persuasion
cultural background,foreign
cultural background,alien
cultural background,extraneous
cultural background,foreign
cultural background,migration
cultural background,origin
cultural background,root
cultural background,family
cultural background,descent
cultural background,lineage
cultural background,line of descent
cultural background,blood line
cultural background,pedigree
cultural background,ancestry
cultural background,parentage
cultural background,provenance
cultural background,background
cultural background,birth
cultural background,native
cultural background,ethnicity
cultural background,nation
cultural background,race
cultural background,breed
cultural background,culture
cultural background,civilisation
cultural background,refinement
sexual orientation,lgbt+
sexual orientation,lgbt
sexual orientation,lesbian
sexual orientation,tribade
sexual orientation,gay woman
sexual orientation,sapphic
sexual orientation,femme
sexual orientation,gay
sexual orientation,homosexual
sexual orientation,homophile
sexual orientation,homo
sexual orientation,queer
sexual orientation,sexual
sexual orientation,intimate
sexual orientation,bisexual
sexual orientation,hermaphrodite
sexual orientation,transgender
sexual orientation,transsexual
sexual orientation,cross sexual
handicap,handicap accessible
handicap,disability
handicap,disable
handicap,disablement
handicap,abnormality
handicap,impairment
handicap,with special need
